{"MAP_NEWPINE_TOWN": 1686514342.3431106, "MAP_PLAYER_HOUSE": 1685070109.5832353, "MAP_RIVAL_HOUSE": 1685072169.7212198, "MAP_PLAYER_HOUSE_LAYOUT": 1685069643.4184127, "MAP_RIVAL_HOUSE_LAYOUT": 1685072131.9607396, "MAP_NEWPINE_TOWN_LAYOUT": 1685103336.9452164}