{"MAP_NEWPINE_TOWN": 1685070115.6140037, "MAP_PLAYER_HOUSE": 1685070109.5832353}